Art,Architecture,,Sub
Art,Artists,,Politicians
Art,Awards,,Chemistry
Art,Colors,,Problems
Art,Digital Art,,Authors
Art,Festivals,,Teams
Art,Museums,,Celebrities
Art,Painting,,Athletes
Art,Photography,,Actors
Art,Sculpture,,Physics
Art,Styles,,Artists
Art,Terms,,Programming
Art,Theory,,Instruments
Art,Typography,,Scientists
Economics,Business,,Terms
Economics,Businesspeople,,Advances
Economics,Cryptocurrency,,Translation
Economics,Currency,,Space
Economics,Economists,,Olympics
Economics,Events,,Lines
Economics,Finance,,Aliases
Economics,Institutions,,Countries
Economics,Policies,,Websites
Economics,Stocks,,Developers
Economics,Terms,,Names
Economics,Trade,,Stocks
Food,Agriculture,,Finance
Food,Alcohol,,Cryptocurrency
Food,Brands,,Units
Food,Cooking,,Notation
Food,Drinks,,Currency
Food,Foodstuffs,,Shows
Food,Ingredients,,Characters
Food,National Dishes,,Landmarks
Food,Origins,,Games
Food,Other,,Poetry
Food,Producers,,Numbers
Food,Restaurants,,Awards
Food,Spices,,Board Games
Food,Terms,,Cities
Games,Bar Games,,War
Games,Board Games,,Events
Games,Card Games,,Game Shows
Games,Games of Chance,,Holy Books
Games,Party Games,,Rules
Games,Puzzles,,Other
Games,Schoolyard Games,,Computing
Games,Tabletop Games,,Vehicles
Geography,Bodies of Water,,
Geography,Capitals,,Restaurants
Geography,Cartography,,Biology
Geography,Cities,,Geometry
Geography,Countries,,Theory
Geography,Landmarks,,Foodstuffs
Geography,Regions,,Comics
Geography,Terms,,Flags
Geography,Territories,,Schoolyard Games
History,Civilizations,,Territories
History,Deaths,,Definitions
History,Empires,,Machines
History,Events,,Capitals
History,Figures,,Products
History,Firsts,,Lyrics
History,Names,,Details
History,Other,,Biochemistry
History,Periods,,Quotes
History,Places,,Card Games
History,Prehistory,,Deaths
History,Quotes,,World Religions
History,War,,Animals
Human Body,Anatomy,,Origins
Human Body,Disease,,Languages
Human Body,Organs,,Figures
Human Body,Physiology,,Slogans
Human Body,Systems,,Festivals
Human Body,Terms,,Museums
Language,Alphabets,,Government
Language,Anagrams,,Regions
Language,Codes,,Films
Language,Definitions,,Albums
Language,Languages,,Companies
Language,Linguistics,,Codes
Language,Parts of Speech,,Buildings
Language,Punctuation,,Linguistics
Language,Sayings,,Philosophers
Language,Shorthands,,Parts of Speech
Language,Slang,,Words
Language,Terms,,Painting
Language,Translation,,Bodies of Water
Language,Words,,Geopolitics
Literature,Authors,,Unions
Literature,Awards,,Pseudoscience
Literature,Books,,Leagues
Literature,Characters,,Internet
Literature,Details,,Scandals
Literature,Graphic Novels,,Tradition
Literature,Journalism,,Scuplture
Literature,Lines,,Consoles
Literature,Literary Devices,,Books
Literature,Poetry,,Trends
Literature,Stories,,Software
Math,Branches,,Prehistory
Math,Concepts,,Slang
Math,Geometry,,Streaming
Math,Mathematicians,,Hardware
Math,Notation,,Businesspeople
Math,Numbers,,Business
Math,Other,,Places
Math,Problems,,Calendar
Math,Statistics,,Directors
Math,Symbols,,Medicine
Math,Terms,,Sayings
Math,Units,,Astronomy
Miscellaneous,Buildings,,Sculpture
Miscellaneous,Calendar,,Digital Art
Miscellaneous,Education,,Records
Miscellaneous,Flags,,Labels
Miscellaneous,Journalism,,Clubs
Miscellaneous,Law,,Sports Entertainment
Miscellaneous,Logos,,Songs
Miscellaneous,Martial Arts,,Cinematography
Miscellaneous,Names,,Traditions
Miscellaneous,Other,,Education
Miscellaneous,Products,,Natural Disasters
Miscellaneous,Slogans,,Producers
Miscellaneous,Terms,,Opera
Movies,Actors,,Equipment
Movies,Awards,,Branches
Movies,Characters,,Inventors
Movies,Cinematography,,Items
Movies,Details,,Institutions
Movies,Directors,,Cartography
Movies,Festivals,,Fashion
Movies,Films,,Reality TV
Movies,Lines,,Commericals
Movies,Musicals,,Alcohol
Movies,Other,,Brands
Movies,Studios,,Ingredients
Movies,Taglines,,Places of Worship
Music,Albums,,Broadcasting
Music,Aliases,,Superstition
Music,Artists,,Concepts
Music,Awards,,Genres
Music,Clubs,,Societies
Music,Concerts,,Esports
Music,Contests,,Musicals
Music,Festivals,,Parties
Music,Genres,,Policies
Music,Hardware,,Governing Bodies
Music,Instruments,,Fields
Music,Labels,,Stories
Music,Lyrics,,Research Centers
Music,Notation,,Law
Music,Other,,Popes
Music,Producers,,Firsts
Music,Songs,,Geology
Music,Streaming,,Environment
Music,Terms,,Drinks
Music,Theory,,Magazines
Nature,Animals,,Anagrams
Nature,Environment,,Commercials
Nature,Natural Disasters,,Literary Devices
Nature,Plants,,Psychology
Nature,Space,,Mythology
Nature,Terms,,Trade
Philosophy,Branches,,World
Philosophy,Ideologies,,Holy Days
Philosophy,Metaphysics,,Symbols
Philosophy,Philosophers,,Typography
Philosophy,Principles,,Mathematicians
Philosophy,Terms,,National Dishes
Politics,Events,,Architecture
Politics,Geopolitics,,Consoels
Politics,Government,,Chracters
Politics,Movements,,Levels
Politics,Parties,,Dtails
Politics,Politicians,,Agriculture
Politics,Terms,,Plants
Politics,Treaties,,Plays
Politics,Unions,,Photography
Pop Culture,Aliases,,Styles
Pop Culture,Applications,,Motorsports
Pop Culture,Celebrities,,Dance
Pop Culture,Comics,,Computers
Pop Culture,Criminals,,Podcasts
Pop Culture,Deaths,,Performers
Pop Culture,Entertainment,,Bar Games
Pop Culture,Events,,World Cups
Pop Culture,Fashion,,Memes
Pop Culture,Generations,,Instituations
Pop Culture,Legends,,Social Media
Pop Culture,Lifestyle,,Empires
Pop Culture,Magazines,,Pathology
Pop Culture,Memes,,Theaters
Pop Culture,Other,,Acting
Pop Culture,Podcasts,,Puzzles
Pop Culture,Products,,News
Pop Culture,Pseudoscience,,Apparel
Pop Culture,Scandals,,Engineering
Pop Culture,Social Media,,Console
Pop Culture,Societies,,Lifestyle
Pop Culture,Superstition,,Studios
Pop Culture,Traditions,,Viral Videos
Pop Culture,Trends,,Saints
Pop Culture,Websites,,Organs
Pop Culture,Viral Videos,,Anatomy
Science,Astronomy,,Systems
Science,Biochemistry,,Physiology
Science,Biology,,Logos
Science,Chemistry,,Legends
Science,Fields,,League
Science,Geology,,Cooking
Science,Medicine,,Playground Games
Science,Pathology,,Alphabets
Science,Physics,,Shorthands
Science,Psychology,,Spices
Science,Research Centers,,Cue Sports
Science,Scientists,,Diretors
Science,Sociology,,Colors
Science,Techniques,,Crime
Science,Terms,,Groups
Science,Units,,Techniques
Sports,Athletes,,English
Sports,Awards,,Contests
Sports,Equipment,,Journalism
Sports,Events,,Atheles
Sports,Games,,Stadiums
Sports,Governing Bodies,,Atheletes
Sports,Leagues,,Astrology
Sports,Mascots,,Human Body
Sports,Motorsports,,Definitios
Sports,Olympics,,Movements
Sports,Other,,Criminals
Sports,Records,,Economists
Sports,Rules,,Graphic Novels
Sports,Sports Entertainment,,Applications
Sports,Stadiums,,Detiails
Sports,Teams,,Treaties
Sports,Terms,,Language
Sports,World Cups,,Taglines
Technology,Advances,,Tabletop Games
Technology,Applications,,Folklore
Technology,Companies,,Publications
Technology,Computers,,Generations
Technology,Engineering,,Author
Technology,Events,,Punctuation
Technology,Hardware,,YouTube
Technology,Internet,,Entertainment
Technology,Inventors,,Statistics
Technology,Machines,,Influencers
Technology,Names,,Mascots
Technology,Programming,,Mathermaticians
Technology,Software,,Playwrights
Technology,Terms,,Principles
Technology,Vehicles,,Disease
Technology,Websites,,Virology
Television,Actors,,Textiles
Television,Awards,,Disorders
Television,Broadcasting,,Manufacturing
Television,Characters,,Grammar
Television,Commercials,,Concerts
Television,Details,,Sociology
Television,Events,,Schools
Television,Game Shows,,Metaphysics
Television,Lines,,Ideologies
Television,News,,Periods
Television,Producers,,Civilizations
Television,Reality TV,,Games of Chance
Television,Shows,,Theme Songs
Television,Streaming,,Party Games
Television,Theme Songs,,Martial Arts
Television,Terms,,
Television,YouTube,,
Theater,Acting,,
Theater,Actors,,
Theater,Awards,,
Theater,Dance,,
Theater,Genres,,
Theater,Lines,,
Theater,Musicals,,
Theater,Opera,,
Theater,Plays,,
Theater,Performers,,
Theater,Playwrights,,
Theater,Schools,,
Theater,Terms,,
Theater,Theaters,,
Theology,Apparel,,
Theology,Astrology,,
Theology,Events,,
Theology,Folklore,,
Theology,Holy Books,,
Theology,Holy Days,,
Theology,Institutions,,
Theology,Mythology,,
Theology,Places of Worship,,
Theology,Popes,,
Theology,Saints,,
Theology,Symbols,,
Theology,Traditions,,
Theology,World Religions,,
Video Games,Awards,,
Video Games,Characters,,
Video Games,Consoles,,
Video Games,Details,,
Video Games,Developers,,
Video Games,Esports,,
Video Games,Games,,
Video Games,Genres,,
Video Games,Hardware,,
Video Games,Items,,
Video Games,Levels,,
Video Games,Other,,
Video Games,Publications,,
Video Games,Terms,,
